"age_in_days","p_art"
0,0
1,0
2,0
3,0
4,0
5,0
6,0
7,0
8,0
9,0
10,0
11,0
12,0
13,0
14,0
15,0
16,0
17,0
18,0
19,0
20,0
21,0
22,0
23,0
24,0
25,0
26,0
27,0
28,0
29,0
30,0
31,0
32,0
33,0
34,0
35,0
36,0
37,0
38,0
39,0
40,0
41,0
42,0
43,0
44,0
45,0
46,0
47,0
48,0
49,0
50,0
51,0
52,0
53,0
54,0
55,0
56,0
57,0
58,0
59,0
60,0
61,0
62,0
63,0
64,0
65,0
66,0
67,0
68,0
69,0
70,0
71,0
72,0
73,0
74,0
75,0
76,0
77,0
78,0
79,0
80,0
81,0
82,0
83,0
84,0
85,0
86,0
87,0
88,0
89,0
90,0
91,0
92,0
93,0
94,0
95,0
96,0
97,0
98,0
99,0
100,0
101,0
102,0
103,0
104,0
105,0
106,0
107,0
108,0
109,0
110,0
111,0
112,0
113,0
114,0
115,0
116,0
117,0
118,0
119,0
120,0
121,0
122,0
123,0
124,0
125,0
126,0
127,0
128,0
129,0
130,0
131,0
132,0
133,0
134,0
135,0
136,0
137,0
138,0
139,0
140,0
141,0
142,0
143,0
144,0
145,0
146,0
147,0
148,0
149,0
150,0
151,0
152,0
153,0
154,0
155,0
156,0
157,0
158,0
159,0
160,0
161,0
162,0
163,0
164,0
165,0
166,0
167,0
168,0
169,0
170,0
171,0
172,0
173,0
174,0
175,0
176,0
177,0
178,0
179,0
180,0
181,0
182,0
183,0
184,0
185,0
186,0
187,0
188,0
189,0
190,0
191,0
192,0
193,0
194,0
195,0
196,0
197,0
198,0
199,0
200,0
201,0
202,0
203,0
204,0
205,0
206,0
207,0
208,0
209,0
210,0
211,0
212,0
213,0
214,0
215,0
216,0
217,0
218,0
219,0
220,0
221,0
222,0
223,0
224,0
225,0
226,0
227,0
228,0
229,0
230,0
231,0
232,0
233,0
234,0
235,0
236,0
237,0
238,0
239,0
240,0
241,0
242,0
243,0
244,0
245,0
246,0
247,0
248,0
249,0
250,0
251,0
252,0
253,0
254,0
255,0
256,0
257,0
258,0
259,0
260,0
261,0
262,0
263,0
264,0
265,0
266,0
267,0
268,0
269,0
270,0
271,0
272,0
273,0
274,0
275,0
276,0
277,0
278,0
279,0
280,0
281,0
282,0
283,0
284,0
285,0
286,0
287,0
288,0
289,0
290,0
291,0
292,0
293,0
294,0
295,0
296,0
297,0
298,0
299,0
300,0
301,0
302,0
303,0
304,0
305,0
306,0
307,0
308,0
309,0
310,0
311,0
312,0
313,0
314,0
315,0
316,0
317,0
318,0
319,0
320,0
321,0
322,0
323,0
324,0
325,0
326,0
327,0
328,0
329,0
330,0
331,0
332,0
333,0
334,0
335,0
336,0
337,0
338,0
339,0
340,0
341,0
342,0
343,0
344,0
345,0
346,0.000867593530511301
347,0.00528472489197268
348,0.00968801393245461
349,0.0140774675192307
350,0.0184530925797278
351,0.0228148961021298
352,0.0271628851360767
353,0.0314970667933013
354,0.035817448248309
355,0.0401240367390718
356,0.0444168395676891
357,0.0486958641011205
358,0.0529611178955094
359,0.0572126090682393
360,0.0614503459283181
361,0.0656743368533879
362,0.069884590290326
363,0.0740811149245207
364,0.0782639201855684
365,0.0824330157400531
366,0.0865884113230241
367,0.0907301167384132
368,0.0948581418595002
369,0.0989724966293163
370,0.103073191061087
371,0.107160235238665
372,0.111233639316983
373,0.115293413765213
374,0.119339570092135
375,0.123372120112741
376,0.127391075704959
377,0.131396448809896
378,0.135388251432086
379,0.139366495639747
380,0.143331193564998
381,0.147282357404137
382,0.151219999417861
383,0.155144131931505
384,0.159054767335314
385,0.162951918084642
386,0.166835596700229
387,0.170705815768408
388,0.174562588261109
389,0.178405928489709
390,0.182235851136196
391,0.186052370932024
392,0.189855502658106
393,0.193645260889837
394,0.197421659239458
395,0.201184711133925
396,0.204934430071818
397,0.208670829623364
398,0.212393923430526
399,0.216103725207027
400,0.219800248738416
401,0.223483507882087
402,0.227153516930021
403,0.230810291690035
404,0.234453848385734
405,0.238084203291895
406,0.241701372734267
407,0.2453053730893
408,0.248896221158319
409,0.252473935283426
410,0.256038534211523
411,0.259590036717585
412,0.263128461604163
413,0.266653827700831
414,0.270166153863627
415,0.273665458974513
416,0.277151761940802
417,0.280625081694582
418,0.284085437192132
419,0.287532847413339
420,0.290967331361088
421,0.294388908450003
422,0.29779759966674
423,0.301193426388695
424,0.304576409991991
425,0.307946571850553
426,0.311303933335212
427,0.314648515812765
428,0.317980340645021
429,0.321299428654041
430,0.324605798530453
431,0.327899468452913
432,0.331180456623969
433,0.334448781269358
434,0.33770446063731
435,0.340947513391664
436,0.344177959786089
437,0.347395820470424
438,0.35060111609424
439,0.353793867305855
440,0.356974094751314
441,0.360141819073363
442,0.363297060910407
443,0.366439840895448
444,0.369570179655031
445,0.37268809780815
446,0.375793616114495
447,0.378886755919529
448,0.381967538701934
449,0.385035986313777
450,0.38809212214767
451,0.391135969952633
452,0.394167553440051
453,0.397186896282163
454,0.400194022110505
455,0.403188954514343
456,0.406171716753043
457,0.409142330899991
458,0.412100818705592
459,0.415047201882747
460,0.417981502105367
461,0.420903741006858
462,0.423813940178586
463,0.426712121168325
464,0.42959830547867
465,0.432472514565438
466,0.435334770091352
467,0.438185094688493
468,0.441023511187291
469,0.443850042358906
470,0.446664710913358
471,0.449467539379369
472,0.452258549748516
473,0.455037763829535
474,0.457805203407517
475,0.460560890369868
476,0.463304846576253
477,0.466037093813924
478,0.468757653795652
479,0.471466548157655
480,0.474163798457461
481,0.476849426171729
482,0.479523452694047
483,0.482185899332664
484,0.484836786994178
485,0.487476135239083
486,0.49010396322127
487,0.492720289999717
488,0.495325134536142
489,0.497918515606775
490,0.500500451542168
491,0.503070960481847
492,0.505630060212845
493,0.508177767431616
494,0.510714098473805
495,0.513239069556152
496,0.515752696773884
497,0.518254996098034
498,0.520745983372674
499,0.523225674062526
500,0.525694082522755
501,0.528151223091394
502,0.530597111105522
503,0.533031762041923
504,0.535455191235454
505,0.537867413572346
506,0.540268442572699
507,0.542658291290932
508,0.545036972614956
509,0.547404499262718
510,0.54976088377867
511,0.552106138530125
512,0.554440275428601
513,0.556763305096635
514,0.559075237680539
515,0.561376082979291
516,0.563665849970391
517,0.565944547088607
518,0.568212182494759
519,0.57046876411594
520,0.572714299641047
521,0.574948796238584
522,0.577172260115244
523,0.579384698549218
524,0.581586118970331
525,0.583776528554939
526,0.585955934220724
527,0.588124342621297
528,0.590281760140691
529,0.592428192887649
530,0.59456364646533
531,0.596688125285796
532,0.598801633226396
533,0.600904173846286
534,0.602995750379871
535,0.60507636573005
536,0.607146022440078
537,0.609204722622188
538,0.61125246801253
539,0.613289259709582
540,0.61531509733244
541,0.617329979822349
542,0.619333905707226
543,0.621326872885937
544,0.623308877990827
545,0.625279917195563
546,0.6272399870416
547,0.629189083818078
548,0.631127203346109
549,0.633054340968715
550,0.634970491540436
551,0.636875649416657
552,0.638769808440285
553,0.640652962391602
554,0.642525106145427
555,0.644386233380335
556,0.646236336512709
557,0.648075407282556
558,0.649903436855576
559,0.651720415596122
560,0.65352633240351
561,0.655321175323275
562,0.657104931743933
563,0.658877588381872
564,0.660639131265784
565,0.662389545720655
566,0.664128816351253
567,0.665856927025163
568,0.667573860853998
569,0.669279600246345
570,0.670974126894406
571,0.672657420845087
572,0.674329461068396
573,0.675990225661649
574,0.677639691828844
575,0.679277835859479
576,0.680904633106779
577,0.682520057965355
578,0.684124083848258
579,0.685716683163425
580,0.687297827289523
581,0.688867486469539
582,0.690425630112531
583,0.691972228762022
584,0.693507252469556
585,0.695030669937461
586,0.696542447695289
587,0.698042550831448
588,0.699530942960309
589,0.701007585350088
590,0.702472437519482
591,0.703925457392234
592,0.705366600696726
593,0.706795821517192
594,0.708213072459128
595,0.709618304607195
596,0.711011467463549
597,0.712392508940352
598,0.713761375171332
599,0.715118010021462
600,0.716462355889401
601,0.717794354404486
602,0.719113945685222
603,0.720421068080731
604,0.721715657921165
605,0.722997648822186
606,0.724266972283582
607,0.725523557931156
608,0.726767333663745
609,0.727998225456394
610,0.729216157278264
611,0.730421051070334
612,0.731612826493825
613,0.732791400536288
614,0.733956689352811
615,0.73510860808181
616,0.736247070226108
617,0.737371987426433
618,0.738483269327798
619,0.739580823461054
620,0.740664554945756
621,0.741734366826616
622,0.742790160274765
623,0.743831834807287
624,0.744859288198083
625,0.745872416531481
626,0.746871114372056
627,0.747855274808151
628,0.748824789564054
629,0.749779548919858
630,0.750719441162792
631,0.751644353558117
632,0.752554172933758
633,0.753448785459376
634,0.754328077527676
635,0.755191935914988
636,0.756040247903499
637,0.75687290121831
638,0.757689784790314
639,0.7584907889147
640,0.759275806023109
641,0.760044730560822
642,0.760797460575998
643,0.761533898801518
644,0.762253953511772
645,0.762957539369743
646,0.763644578171113
647,0.764315000200521
648,0.764968745448167
649,0.765605764794904
650,0.766226021871017
651,0.766829494200754
652,0.767416174369575
653,0.767986072110869
654,0.76853921662541
655,0.769075657918928
656,0.769595468393742
657,0.7700987443882
658,0.77058560847272
659,0.771056211924777
660,0.771510737892083
661,0.77194940206703
662,0.772372454125205
663,0.772780179873929
664,0.773172903044356
665,0.773550985417142
666,0.773914826911622
667,0.774264864904653
668,0.774601573998696
669,0.774925464089129
670,0.775237078949888
671,0.77553699322459
672,0.775825807907956
673,0.776104144403227
674,0.776372636952605
675,0.776631923223844
676,0.776882632822184
677,0.77712537354639
678,0.777360715228731
679,0.777589170405085
680,0.77781117172833
681,0.778027045754929
682,0.778334760771884
683,0.778740324039388
684,0.779046690593459
685,0.779248329030276
686,0.779444972553727
687,0.779743784703526
688,0.779933209934367
689,0.780118959801398
690,0.780301613002692
691,0.780481664714178
692,0.780772055327633
693,0.781062271922023
694,0.781238146741437
695,0.781413225472147
696,0.781588210243533
697,0.781763722827056
698,0.781940278659546
699,0.782118257362533
700,0.782297869865595
701,0.782590328382014
702,0.782772839691243
703,0.782957708302841
704,0.783254015717789
705,0.783443219495162
706,0.783635607111042
707,0.783831335221006
708,0.78403036050197
709,0.784439215063209
710,0.784849478034152
711,0.785052673803746
712,0.785259221879166
713,0.785469232334508
714,0.785882096348914
715,0.786295652738464
716,0.786510291694532
717,0.786728929211348
718,0.786952043881609
719,0.787180014198385
720,0.787413091994178
721,0.787651370613131
722,0.787981106878776
723,0.788227323246639
724,0.788479002807217
725,0.788736542934941
726,0.789000222167136
727,0.789419410109478
728,0.789689654365668
729,0.789965890029228
730,0.790247641954894
731,0.790667650179232
732,0.79102052543677
733,0.791309763659436
734,0.791603561690354
735,0.791901601496737
736,0.792203348976888
737,0.792508014859354
738,0.792814624100904
739,0.79317844396967
740,0.793598388713533
741,0.793906340742669
742,0.794215010534058
743,0.794524373228906
744,0.794888877245014
745,0.79530767917311
746,0.795725809317274
747,0.796089292907594
748,0.796398998199676
749,0.796708723757012
750,0.797017986761068
751,0.797326145100616
752,0.797687548900184
753,0.79799251194875
754,0.798294871144749
755,0.798652587968855
756,0.799067120097992
757,0.799364999382217
758,0.79971971819871
759,0.800133302716185
760,0.80042641262756
761,0.800716509051898
762,0.801003836770948
763,0.801288686501166
764,0.801571397044317
765,0.801852300208707
766,0.802131528319585
767,0.802477808344555
768,0.802892274384132
769,0.803169615435293
770,0.803515236156572
771,0.803930119414779
772,0.804344853792055
773,0.804621116300136
774,0.804896121720501
775,0.805169714527642
776,0.805513866838975
777,0.805857694154436
778,0.806201132149102
779,0.80661684504346
780,0.807032536290902
781,0.807448396701131
782,0.807719576420144
783,0.807989399478653
784,0.808258537750415
785,0.808527449705342
786,0.808796562401077
787,0.809141034296854
788,0.809486163895144
789,0.809757637851043
790,0.810104360406224
791,0.8103777309472
792,0.81065205879869
793,0.81100130144708
794,0.811425200537999
795,0.811775977724544
796,0.81205363185455
797,0.812332360050574
798,0.812612774139592
799,0.812895565680781
800,0.81332490308805
801,0.813755504660307
802,0.814115121636983
803,0.814405197171682
804,0.814699095145922
805,0.815065325331885
806,0.815433539650693
807,0.815737409094166
808,0.816176070193482
809,0.816615941149385
810,0.817056642325321
811,0.817368250369939
812,0.817685137940982
813,0.818007165187422
814,0.818450366375381
815,0.818893225454769
816,0.819335121011837
817,0.819775436228741
818,0.82010441162371
819,0.820437781560129
820,0.820775375225845
821,0.821165672115474
822,0.82155634083351
823,0.821947239260126
824,0.822338326186774
825,0.822770701041447
826,0.823198358978956
827,0.823548343037954
828,0.823902989679148
829,0.824324807195203
830,0.8247124392957
831,0.82507408901355
832,0.8254407781341
833,0.825812479934076
834,0.826189129141733
835,0.826598896006498
836,0.827001648419066
837,0.827397054044091
838,0.82778024465782
839,0.828161977243717
840,0.828540463456364
841,0.828910733150964
842,0.829272605823966
843,0.829625969305442
844,0.829970777497585
845,0.830307046807002
846,0.830634847881512
847,0.830954274382311
848,0.831293196367249
849,0.831660620832528
850,0.832031522233117
851,0.832405621241465
852,0.832782590592974
853,0.833162063037254
854,0.833455084946737
855,0.833786770398328
856,0.834065269306954
857,0.834440548800626
858,0.83476261435244
859,0.835022911104702
860,0.835273790695577
861,0.835515175832993
862,0.835747107737409
863,0.835969726528598
864,0.836256797202004
865,0.836616912432937
866,0.836820683159186
867,0.837015749132499
868,0.83737111021039
869,0.837641285580043
870,0.837908042812478
871,0.838264351972545
872,0.838526589134203
873,0.838686848415823
874,0.838938964339852
875,0.839290297972282
876,0.83943144876629
877,0.839564396357781
878,0.839689502824289
879,0.839917564534238
880,0.840029393485826
881,0.8401342629449
882,0.840232560236478
883,0.840324715696478
884,0.840411187645508
885,0.840492450632167
886,0.840685198929322
887,0.840757368007497
888,0.84082551057298
889,0.841123995152002
890,0.841421248657363
891,0.841596520593461
892,0.841888914645923
893,0.841936373921729
894,0.841980737486082
895,0.842022189688263
896,0.842060964711557
897,0.842097337194111
898,0.842131608789408
899,0.842279110376148
900,0.842538697052631
901,0.842794405392954
902,0.842815629125704
903,0.842835532139873
904,0.842966009648318
905,0.8429823016954
906,0.842997992017983
907,0.843013426794229
908,0.843133951884435
909,0.843147710174837
910,0.843161846494719
911,0.843176476666365
912,0.843191736086185
913,0.843207773375229
914,0.843317778987684
915,0.843424970737863
916,0.843619473341565
917,0.843719281708116
918,0.843816296832461
919,0.843995478135036
920,0.844002067635061
921,0.844090875339762
922,0.844255899181692
923,0.844260524653774
924,0.844267083429527
925,0.844275707292886
926,0.844286539091977
927,0.844299723340028
928,0.844315375992278
929,0.8443335251234
930,0.844354190438393
931,0.844377400680323
932,0.84451246324692
933,0.844641411159511
934,0.844662773109612
935,0.844783563874485
936,0.844805621639172
937,0.844830536089236
938,0.844941366260252
939,0.844967178010088
940,0.844995879248629
941,0.845027470552085
942,0.845061956639699
943,0.845099340846533
944,0.84513962074496
945,0.845182785390831
946,0.845228813455007
947,0.845277671902405
948,0.845329314827265
949,0.845383684115195
950,0.845470992683562
951,0.845539859677756
952,0.845596171910264
953,0.84565495056408
954,0.84571604488371
955,0.84577931395708
956,0.845844623831475
957,0.84591474369378
958,0.845983551539598
959,0.846051416935724
960,0.846117298541369
961,0.846185696458486
962,0.846255519799892
963,0.846326585126199
964,0.846398730873838
965,0.846471814563471
966,0.846545710121938
967,0.846620305259536
968,0.846695498700188
969,0.846771198616982
970,0.846847321888089
971,0.846911327403943
972,0.846959625704057
973,0.847003423179028
974,0.847077499511734
975,0.847115722755758
976,0.847169441341691
977,0.847242250452845
978,0.847315125721708
979,0.847388042391036
980,0.847460978594478
981,0.84753391447994
982,0.847606831525038
983,0.847679711879427
984,0.847752537704824
985,0.847825291820112
986,0.847897957737345
987,0.8479705190888
988,0.848042959942334
989,0.848115264093062
990,0.848187414722227
991,0.848232344530072
992,0.848303729832696
993,0.848374835972783
994,0.8484455359957
995,0.848515683310084
996,0.848585155437552
997,0.848653853365416
998,0.848721698252542
999,0.848788628829872
1000,0.848854599319298
1001,0.848919577321263
1002,0.848983542004903
1003,0.849046482530318
1004,0.849108396639022
1005,0.8491692894457
1006,0.849229172462684
1007,0.849258846186094
1008,0.849255806447827
1009,0.849280945985741
1010,0.849336785902776
1011,0.849391451645051
1012,0.849444852085815
1013,0.849496922047065
1014,0.849547619547058
1015,0.849596922970963
1016,0.84964482761948
1017,0.849691343494771
1018,0.849736493665772
1019,0.849780312421283
1020,0.849822843529687
1021,0.849864138734894
1022,0.849904256214945
1023,0.84994325925929
1024,0.84998121540685
1025,0.850018196132949
1026,0.850054273645883
1027,0.850089499828539
1028,0.850123911655083
1029,0.8501575533861
1030,0.850190475767803
1031,0.850222734200724
1032,0.850254388151765
1033,0.850254138384184
1034,0.850219357940854
1035,0.85024892544385
1036,0.850278125779727
1037,0.850307077676855
1038,0.850335893102205
1039,0.850293713456151
1040,0.850284884935931
1041,0.85031253791381
1042,0.850340281905061
1043,0.850368179370165
1044,0.850317294017584
1045,0.850303855670876
1046,0.850331139986525
1047,0.850358684333829
1048,0.850386503042033
1049,0.850414618035672
1050,0.850443057035204
1051,0.850471852496102
1052,0.850501040505713
1053,0.850530659726381
1054,0.850560750457367
1055,0.850591353793723
1056,0.850622511345863
1057,0.850654265767855
1058,0.850686659091864
1059,0.850719731934679
1060,0.850705414596825
1061,0.850739466547274
1062,0.850774258078596
1063,0.850809785275325
1064,0.850846050265351
1065,0.850780660706308
1066,0.850765134615363
1067,0.85080242130455
1068,0.850840470934771
1069,0.850879281676878
1070,0.850918858694946
1071,0.850959213379034
1072,0.851000361461675
1073,0.851042321841919
1074,0.851085115766206
1075,0.851128766068183
1076,0.85117329641318
1077,0.851218730857723
1078,0.851265093280562
1079,0.851312407180396
1080,0.851360695420968
1081,0.851409979976815
1082,0.851460281730736
1083,0.851511620235901
1084,0.851564013359481
1085,0.851617477450956
1086,0.851672027373054
1087,0.851727676476674
1088,0.851784436597904
1089,0.85184231807356
1090,0.851901329772012
1091,0.851961479045205
1092,0.852022771531783
1093,0.85208521155642
1094,0.852148802219741
1095,0.852213545323408
1096,0.852279441167431
1097,0.852346488944848
1098,0.852414686918536
1099,0.852484032630842
1100,0.852554523377605
1101,0.852626155858545
1102,0.852698926076219
1103,0.852772829308764
1104,0.852847860268126
1105,0.852924013164339
1106,0.853001281683344
1107,0.853079659120196
1108,0.853159138454678
1109,0.853239712446199
1110,0.853321373759223
1111,0.853404114667093
1112,0.853487927229714
1113,0.853572803389702
1114,0.853658735002867
1115,0.853745713866049
1116,0.853833731742399
1117,0.853922780384291
1118,0.854012851553985
1119,0.85410393704221
1120,0.854196028684776
1121,0.854289118377367
1122,0.854383198088659
1123,0.854478259871862
1124,0.854574295828216
1125,0.854671297977781
1126,0.854769258410062
1127,0.854868169300699
1128,0.854968022807842
1129,0.855068811157214
1130,0.85517052650932
1131,0.855273160831085
1132,0.855376706110357
1133,0.855481154261014
1134,0.855586497305076
1135,0.855692727432639
1136,0.855799837001715
1137,0.855907818537677
1138,0.856016664732329
1139,0.856126368442664
1140,0.856236922689353
1141,0.856348320654979
1142,0.856460555682053
1143,0.856573621270874
1144,0.856687511110478
1145,0.856802219174687
1146,0.856917739617353
1147,0.857034066736099
1148,0.857151194835215
1149,0.857269117824714
1150,0.8573878296084
1151,0.857507324153634
1152,0.85762759555352
1153,0.857748638045405
1154,0.857870446093075
1155,0.857993014635998
1156,0.858116338825257
1157,0.858240413934727
1158,0.858365235358233
1159,0.858490798606752
1160,0.858617099266743
1161,0.858744132882101
1162,0.858871895070662
1163,0.85900038156081
1164,0.85912958818888
1165,0.859259510896597
1166,0.859390145728577
1167,0.859521488829872
1168,0.859653536443577
1169,0.859786284908482
1170,0.859919730656786
1171,0.860053870211854
1172,0.860188700186043
1173,0.860324217278569
1174,0.860460418300405
1175,0.860597300252215
1176,0.860734860239753
1177,0.860873095444734
1178,0.86101200309845
1179,0.861151580374015
1180,0.861291824361155
1181,0.861432732221023
1182,0.861574301307622
1183,0.861716529073635
1184,0.861859413038355
1185,0.862002950786138
1186,0.862147139964924
1187,0.862291978284765
1188,0.862437463516438
1189,0.862583593490064
1190,0.862730366093786
1191,0.862877779272485
1192,0.8630258309654
1193,0.863174518923541
1194,0.863323840895328
1195,0.863473794687051
1196,0.863624378276317
1197,0.863775590151013
1198,0.863927428958071
1199,0.864079893386965
1200,0.864232982168743
1201,0.864386694075084
1202,0.864541027917379
1203,0.864695982545863
1204,0.864851556782936
1205,0.86500774922687
1206,0.865164558451973
1207,0.865321983074109
1208,0.865480021749927
1209,0.865638673176101
1210,0.865797936088616
1211,0.865957809262048
1212,0.866118291508887
1213,0.866279381678874
1214,0.866441078651522
1215,0.866603381315192
1216,0.866766288728213
1217,0.866929800543897
1218,0.867093916559204
1219,0.867258636509824
1220,0.867423960133722
1221,0.867589887224232
1222,0.867756417725988
1223,0.867923551635595
1224,0.868091288968484
1225,0.868259629758496
1226,0.868428574057443
1227,0.868598121934707
1228,0.868768273476836
1229,0.868939028787163
1230,0.869110387985433
1231,0.869282351182999
1232,0.869454918409713
1233,0.869628089688
1234,0.869801865057135
1235,0.869976244572924
1236,0.87015122830739
1237,0.870326816348474
1238,0.870503008799752
1239,0.87067980585009
1240,0.870857207981589
1241,0.871035215730011
1242,0.871213829534694
1243,0.871393049819425
1244,0.87157287701904
1245,0.871753311651745
1246,0.871934354534975
1247,0.872116006564827
1248,0.872298268642915
1249,0.872481141676171
1250,0.872664626576655
1251,0.872848724261376
1252,0.873033435652109
1253,0.873218761675228
1254,0.873404703261545
1255,0.873591261346143
1256,0.873778436868234
1257,0.873966230771007
1258,0.874154644001482
1259,0.874343677510379
1260,0.874533332251988
1261,0.874723609184028
1262,0.874914509267546
1263,0.875106033466772
1264,0.875298182749028
1265,0.875490958084598
1266,0.875684360446632
1267,0.875878390793571
1268,0.876073050016893
1269,0.876268338993888
1270,0.876464258605089
1271,0.876660809734188
1272,0.87685799326793
1273,0.877055810096037
1274,0.877254261111117
1275,0.877453347208581
1276,0.877653069286569
1277,0.877853428245864
1278,0.878054424989816
1279,0.878256060425294
1280,0.878458335465652
1281,0.878661251027582
1282,0.878864808024856
1283,0.879069007352743
1284,0.879273849903613
1285,0.879479336572057
1286,0.879685468254836
1287,0.879892245850809
1288,0.880099670260876
1289,0.88030774238792
1290,0.880516463136752
1291,0.880725833414043
1292,0.880935854128288
1293,0.881146526189734
1294,0.881357850510349
1295,0.881569828003744
1296,0.881782459585156
1297,0.881995746171371
1298,0.882209688680699
1299,0.882424288032912
1300,0.88263954514921
1301,0.88285546095217
1302,0.883072036365711
1303,0.883289272252372
1304,0.883507169225554
1305,0.883725727975746
1306,0.883944949746086
1307,0.88416483591808
1308,0.884385387873659
1309,0.884606606995125
1310,0.884828494665098
1311,0.885051052266464
1312,0.885274281182331
1313,0.885498182795981
1314,0.885722758490821
1315,0.885948009650332
1316,0.886173937658028
1317,0.886400543897412
1318,0.886627829751922
1319,0.886855796604892
1320,0.887084445839508
1321,0.887313778838758
1322,0.887543796985397
1323,0.887774501661892
1324,0.88800589425039
1325,0.888237976132664
1326,0.888470748690082
1327,0.888704213303555
1328,0.888938371353492
1329,0.889173224219772
1330,0.889408773281685
1331,0.889645019917902
1332,0.889881965506427
1333,0.890119611424556
1334,0.890357959048836
1335,0.8905970097171
1336,0.89083676461453
1337,0.891077224887176
1338,0.891318391632103
1339,0.891560265754083
1340,0.891802848108319
1341,0.892046139548077
1342,0.892290140924667
1343,0.892534853087414
1344,0.892780276883637
1345,0.893026413158628
1346,0.893273262755632
1347,0.893520826515818
1348,0.893769105278264
1349,0.89401809987993
1350,0.894267811155641
1351,0.894518239938063
1352,0.894769387057684
1353,0.895021253342788
1354,0.895273839619443
1355,0.895527146711474
1356,0.895781175440443
1357,0.896035926625633
1358,0.896291401084024
1359,0.896547599630272
1360,0.896804523076697
1361,0.897062172233254
1362,0.897320547907521
1363,0.897579650904672
1364,0.897839482027471
1365,0.898100042076238
1366,0.898361331736762
1367,0.898623351243069
1368,0.898886100711965
1369,0.899149580254882
1370,0.899413789977889
1371,0.899678729981709
1372,0.899944400361729
1373,0.900210801208021
1374,0.900477932605345
1375,0.900745794633175
1376,0.901014387365705
1377,0.901283710871869
1378,0.901553765215358
1379,0.901824550454626
1380,0.902096066642916
1381,0.902368313828272
1382,0.902641292053556
1383,0.902915001356458
1384,0.903189441769525
1385,0.903464613320172
1386,0.903740516030689
1387,0.904017149918281
1388,0.904294514995066
1389,0.904572611268101
1390,0.904851438739398
1391,0.905130997405947
1392,0.905411287259728
1393,0.905692308287738
1394,0.905974060472002
1395,0.906256543789599
1396,0.906539758212677
1397,0.906823703708478
1398,0.90710838023935
1399,0.907393787762783
1400,0.907679926218429
1401,0.907966795489129
1402,0.908254395439709
1403,0.908542725929976
1404,0.908831786814736
1405,0.909121577943825
1406,0.909412099162123
1407,0.909703350309593
1408,0.909995331221299
1409,0.910288041727432
1410,0.910581481653338
1411,0.910875650819544
1412,0.911170549041784
1413,0.911466176131023
1414,0.911762532128611
1415,0.912059618015094
1416,0.912357435010816
1417,0.912655984341598
1418,0.912955267238703
1419,0.913255284938791
1420,0.913556038683865
1421,0.913857529721244
1422,0.914159759285657
1423,0.914462728545539
1424,0.914766438656283
1425,0.915070890778021
1426,0.915376086075584
1427,0.91568202571847
1428,0.915988710880799
1429,0.916296142654708
1430,0.916604321789406
1431,0.916913248948928
1432,0.917222924798415
1433,0.917533350004105
1434,0.917844525233323
1435,0.918156451154479
1436,0.918469128437049
1437,0.918782557751567
1438,0.919096739769631
1439,0.91941167516387
1440,0.91972736460796
1441,0.920043808776598
1442,0.920361008345504
1443,0.920678963991411
1444,0.920997676392051
1445,0.921317146226158
1446,0.921637374173448
1447,0.921958360914626
1448,0.922280107131365
1449,0.922602613506306
1450,0.922925880723054
1451,0.923249909466161
1452,0.923574700421126
1453,0.92390025427439
1454,0.924226571713322
1455,0.924553653426224
1456,0.92488150010231
1457,0.92521011243171
1458,0.925539491105464
1459,0.925869636732726
1460,0.926200549591366
1461,0.926532229874429
1462,0.926864677772677
1463,0.927197893474595
1464,0.927531877166415
1465,0.927866629032125
1466,0.92820214925349
1467,0.928538438009398
1468,0.928875495474095
1469,0.929213321819574
1470,0.929551917216324
1471,0.92989128183333
1472,0.930231415838105
1473,0.930572319396699
1474,0.930913992673718
1475,0.931256435832345
1476,0.931599649034345
1477,0.931943632440093
1478,0.932288386208584
1479,0.932633910497447
1480,0.932980205462966
1481,0.933327271260091
1482,0.933675108042454
1483,0.934023715962384
1484,0.934373095170924
1485,0.934723245817839
1486,0.935074168051638
1487,0.935425862019582
1488,0.935778327867703
1489,0.936131565740815
1490,0.936485575782526
1491,0.936840358135254
1492,0.937195912940238
1493,0.937552240337554
1494,0.937909340466127
1495,0.93826721346374
1496,0.938625859467051
1497,0.938985278611604
1498,0.93934547103184
1499,0.939706436861111
1500,0.940068176231691
1501,0.940430689274784
1502,0.940793976120545
1503,0.94115803689808
1504,0.941522871735467
1505,0.941888480759761
1506,0.942254864097008
1507,0.942622021872253
1508,0.942989954209555
1509,0.943358661231993
1510,0.94372814306168
1511,0.944098399819772
1512,0.944469431626479
1513,0.944841238601069
1514,0.945213820861891
1515,0.94558717852637
1516,0.945961311711028
1517,0.946336220531487
1518,0.946711905102483
1519,0.947088365537867
1520,0.947465601950628
1521,0.947843614452887
1522,0.94822240315592
1523,0.948601968170154
1524,0.948982309605186
1525,0.949363427569784
1526,0.949745322171902
1527,0.950127993518681
1528,0.950511441716467
1529,0.950895666870812
1530,0.951280669086482
1531,0.95166644846747
1532,0.952053005116997
1533,0.952440339137527
1534,0.952828450630772
1535,0.953217339697696
1536,0.953607006438528
1537,0.953997450952768
1538,0.954388673339189
1539,0.954780673695852
1540,0.955173452120111
1541,0.955567008708618
1542,0.955961343557326
1543,0.95635645676151
1544,0.956752348415757
1545,0.957149018613984
1546,0.957546467449438
1547,0.957944695014711
1548,0.958343701401738
1549,0.958743486701804
1550,0.959144051005557
1551,0.959545394403011
1552,0.959947516983546
1553,0.960350418835924
1554,0.960754100048289
1555,0.961158560708175
1556,0.961563800902511
1557,0.96196982071763
1558,0.962376620239266
1559,0.962784199552572
1560,0.963192558742116
1561,0.963601697891888
1562,0.964011617085315
1563,0.964422316405251
1564,0.964833795933995
1565,0.965246055753289
1566,0.965659095944325
1567,0.966072916587756
1568,0.966487517763689
1569,0.966902899551704
1570,0.967319062030846
1571,0.967736005279642
1572,0.968153729376095
1573,0.968572234397697
1574,0.96899152042143
1575,0.969411587523768
1576,0.96983243578069
1577,0.970254065267677
1578,0.970676476059719
1579,0.97109966823132
1580,0.971523641856502
1581,0.971948397008809
1582,0.972373933761315
1583,0.972800252186619
1584,0.973227352356861
1585,0.973655234343718
1586,0.974083898218412
1587,0.974513344051711
1588,0.974943571913938
1589,0.975374581874968
1590,0.975806374004239
1591,0.976238948370752
1592,0.976672305043073
1593,0.977106444089346
1594,0.977541365577282
1595,0.977977069574179
1596,0.978413556146913
1597,0.978850825361947
1598,0.979288877285336
1599,0.979727711982727
1600,0.980167329519367
1601,0.980607729960097
1602,0.98104891336937
1603,0.981490879811243
1604,0.981933629349384
1605,0.982377162047077
1606,0.982821477967222
1607,0.98326657717234
1608,0.983712459724578
1609,0.984159125685709
1610,0.984606575117137
1611,0.9850548080799
1612,0.985503824634672
1613,0.98595362484177
1614,0.986404208761149
1615,0.986855576452413
1616,0.987307727974819
1617,0.987760663387266
1618,0.988214382748318
1619,0.988668886116189
1620,0.98912417354876
1621,0.989580245103571
1622,0.990037100837831
1623,0.990494740808414
1624,0.990953165071869
1625,0.991412373684421
1626,0.991872366701966
1627,0.992333144180088
1628,0.992794706174045
1629,0.993257052738784
1630,0.993720183928941
1631,0.99418409979884
1632,0.994648800402497
1633,0.995114285793625
1634,0.995580556025633
1635,0.996047611151628
1636,0.996515451224424
1637,0.996984076296538
1638,0.99745348642019
1639,0.997923681647315
1640,0.998394662029555
1641,0.998866427618272
1642,0.999338978464537
1643,0.999812314619146
1644,1.00028643613261
1645,1.00076134305517
1646,1.00123703543678
1647,1.00171351332714
1648,1.00219077677565
1649,1.00266882583148
1650,1.00314766054351
1651,1.00362728096034
1652,1.00410768713035
1653,1.00458887910162
1654,1.00507085692199
1655,1.00555362063905
1656,1.00603717030012
1657,1.00652150595227
1658,1.00700662764233
1659,1.00749253541688
1660,1.00797922932223
1661,1.00846670940449
1662,1.00895497570948
1663,1.0094440282828
1664,1.00993386716982
1665,1.01042449241566
1666,1.0109159040652
1667,1.01140810216309
1668,1.01190108675376
1669,1.0123948578814
1670,1.01288941558996
1671,1.01338475992317
1672,1.01388089092455
1673,1.01437780863738
1674,1.01487551310472
1675,1.0153740043694
1676,1.01587328247406
1677,1.0163733474611
1678,1.0168741993727
1679,1.01737583825083
1680,1.01787826413727
1681,1.01838147707355
1682,1.01888547710102
1683,1.01939026426082
1684,1.01989583859386
1685,1.02040220014087
1686,1.02090934894237
1687,1.02141728503866
1688,1.02192600846986
1689,1.02243551927589
1690,1.02294581749646
1691,1.02345690317109
1692,1.02396877633911
1693,1.02448143703964
1694,1.02499488531162
1695,1.0255091211938
1696,1.02602414472473
1697,1.02653995594279
1698,1.02705655488615
1699,1.02757394159281
1700,1.02809211610058
1701,1.02861107844709
1702,1.02913082866977
1703,1.0296513668059
1704,1.03017269289256
1705,1.03069480696666
1706,1.03121770906491
1707,1.03174139922388
1708,1.03226587747995
1709,1.03279114386931
1710,1.03331719842801
1711,1.03384404119189
1712,1.03437167219666
1713,1.03490009147783
1714,1.03542929907075
1715,1.03595929501062
1716,1.03649007933245
1717,1.03702165207111
1718,1.03755401326128
1719,1.03808716293749
1720,1.03862110113413
1721,1.03915582788538
1722,1.03969134322531
1723,1.04022764718782
1724,1.04076473980662
1725,1.04130262111531
1726,1.0418412911473
1727,1.04238074993588
1728,1.04292099751414
1729,1.04346203391507
1730,1.04400385917147
1731,1.04454647331601
1732,1.0450898763812
1733,1.04563406839941
1734,1.04617904940286
1735,1.04672481942362
1736,1.04727137849362
1737,1.04781872664465
1738,1.04836686390834
1739,1.04891579031619
1740,1.04946550589956
1741,1.05001601068966
1742,1.05056730471757
1743,1.05111938801422
1744,1.05167226061041
1745,1.05222592253681
1746,1.05278037382393
1747,1.05333561450217
1748,1.05389164460178
1749,1.05444846415288
1750,1.05500607318545
1751,1.05556447172936
1752,1.05612365981432
1753,1.05668363746992
1754,1.05724440472564
1755,1.0578059616108
1756,1.05836830815462
1757,1.05893144438616
1758,1.05949537033437
1759,1.0600600860281
1760,1.06062559149603
1761,1.06119188676674
1762,1.06175897186869
1763,1.0623268468302
1764,1.06289551167948
1765,1.06346496644462
1766,1.06403521115358
1767,1.06460624583421
1768,1.06517807051423
1769,1.06575068522126
1770,1.06632408998278
1771,1.06689828482616
1772,1.06747326977866
1773,1.06804904486742
1774,1.06862561011947
1775,1.06920296556171
1776,1.06978111122095
1777,1.07036004712387
1778,1.07093977329703
1779,1.07152028976691
1780,1.07210159655984
1781,1.07268369370207
1782,1.07326658121973
1783,1.07385025913884
1784,1.07443472748529
1785,1.07501998628491
1786,1.07560603556339
1787,1.0761928753463
1788,1.07678050565915
1789,1.0773689265273
1790,1.07795813797602
1791,1.07854814003049
1792,1.07913893271578
1793,1.07973051605683
1794,1.08032289007851
1795,1.08091605480559
1796,1.08151001026271
1797,1.08210475647442
1798,1.08270029346519
1799,1.08329662125938
1800,1.08389373988123
1801,1.0844916493549
1802,1.08509034970446
1803,1.08568984095386
1804,1.08629012312697
1805,1.08689119624756
1806,1.08749306033931
1807,1.08809571542579
1808,1.08869916153049
1809,1.08930339867679
1810,1.08990842688799
1811,1.09051424618729
1812,1.0911208565978
1813,1.09172825814254
1814,1.09233645084443
1815,1.09294543472631
1816,1.09355520981092
1817,1.09416577612092
1818,1.09477713367887
1819,1.09538928250724
1820,1.09600222262842
1821,1.09661595406471
1822,1.09723047683831
1823,1.09784579097136
1824,1.09846189648588
1825,1.09907879340382
1826,1.09969648174705
1827,1.10031496153735
1828,1.1009342327964
1829,1.10155429554582
1830,1.10217514980713
1831,1.10279679560177
1832,1.1034192329511
1833,1.10404246187639
1834,1.10466648239884
1835,1.10529129453956
1836,1.10591689831956
1837,1.10654329375981
1838,1.10717048088117
1839,1.10779845970443
1840,1.10842723025029
1841,1.10905679253938
1842,1.10968714659225
1843,1.11031829242937
1844,1.11095023007113
1845,1.11158295953785
1846,1.11221648084976
1847,1.11285079402703
1848,1.11348589908973
1849,1.11412179605787
1850,1.1147584849514
1851,1.11539596579015
1852,1.11603423859392
1853,1.11667330338241
1854,1.11731316017525
1855,1.11795380899201
1856,1.11859524985216
1857,1.11923748277511
1858,1.11988050778022
1859,1.12052432488674
1860,1.12116893411387
1861,1.12181433548073
1862,1.12246052900638
1863,1.12310751470979
1864,1.12375529260988
1865,1.12440386272549
1866,1.12505322507538
1867,1.12570337967826
1868,1.12635432655276
1869,1.12700606571743
1870,1.12765859719079
1871,1.12831192099126
1872,1.12896603713718
1873,1.12962094564685
1874,1.1302766465385
1875,1.13093313983029
1876,1.1315904255403
1877,1.13224850368655
1878,1.13290737428701
1879,1.13356703735957
1880,1.13422749292207
1881,1.13488874099224
1882,1.13555078158781
1883,1.13621361472641
1884,1.1368772404256
1885,1.13754165870288
1886,1.13820686957571
1887,1.13887287306147
1888,1.13953966917746
1889,1.14020725794096
1890,1.14087563936914
1891,1.14154481347914
1892,1.14221478028804
1893,1.14288553981283
1894,1.14355709207047
1895,1.14422943707785
1896,1.14490257485178
1897,1.14557650540905
1898,1.14625122876635
1899,1.14692674494033
1900,1.14760305394758
1901,1.14828015580462
1902,1.14895805052794
1903,1.14963673813394
1904,1.15031621863898
1905,1.15099649205935
1906,1.15167755841129
1907,1.15235941771099
1908,1.15304206997456
1909,1.15372551521807
1910,1.15440975345755
1911,1.15509478470893
1912,1.15578060898813
1913,1.15646722631097
1914,1.15715463669326
1915,1.15784284015073
1916,1.15853183669905
1917,1.15922162635384
1918,1.15991220913068
1919,1.16060358504508
1920,1.16129575411249
1921,1.16198871634834
1922,1.16268247176796
1923,1.16337702038667
1924,1.1640723622197
1925,1.16476849728225
1926,1.16546542558947
1927,1.16616314715645
1928,1.16686166199822
1929,1.16756097012977
1930,1.16826107156604
1931,1.1689619663219
1932,1.16966365441219
1933,1.1703661358517
1934,1.17106941065515
1935,1.17177347883723
1936,1.17247834041256
1937,1.17318399539573
1938,1.17389044380126
1939,1.17459768564365
1940,1.17530572093731
1941,1.17601454969665
1942,1.17672417193598
1943,1.17743458766959
1944,1.17814579691173
1945,1.17885779967659
1946,1.17957059597829
1947,1.18028418583095
1948,1.1809985692486
1949,1.18171374624524
1950,1.18242971683483
1951,1.18314648103127
1952,1.18386403884842
1953,1.1845823903001
1954,1.18530153540005
1955,1.18602147416202
1956,1.18674220659967
1957,1.18746373272662
1958,1.18818605255647
1959,1.18890916610275
1960,1.18963307337894
1961,1.19035777439851
1962,1.19108326917484
1963,1.19180955772131
1964,1.19253664005122
1965,1.19326451617784
1966,1.19399318611441
1967,1.1947226498741
1968,1.19545290747004
1969,1.19618395891535
1970,1.19691580422306
1971,1.19764844340619
1972,1.19838187647771
1973,1.19911610345053
1974,1.19985112433754
1975,1.20058693915159
1976,1.20132354790546
1977,1.20206095061191
1978,1.20279914728366
1979,1.20353813793338
1980,1.2042779225737
1981,1.2050185012172
1982,1.20575987387645
1983,1.20650204056394
1984,1.20724500129214
1985,1.20798875607348
1986,1.20873330492035
1987,1.20947864784509
1988,1.21022478486001
1989,1.21097171597737
1990,1.21171944120941
1991,1.21246796056831
1992,1.21321727406621
1993,1.21396738171524
1994,1.21471828352745
1995,1.21546997951488
1996,1.21622246968952
1997,1.21697575406332
1998,1.21772983264821
1999,1.21848470545606
2000,1.2192403724987
2001,1.21999683378795
2002,1.22075408933556
2003,1.22151213915327
2004,1.22227098325275
2005,1.22303062164567
2006,1.22379105434364
2007,1.22455228135823
2008,1.22531430270099
2009,1.22607711838342
2010,1.226840728417
2011,1.22760513281314
2012,1.22837033158325
2013,1.2291363247387
2014,1.22990311229079
2015,1.23067069425082
2016,1.23143907063005
2017,1.23220824143969
2018,1.23297820669092
2019,1.23374896639488
2020,1.2345205205627
2021,1.23529286920544
2022,1.23606601233416
2023,1.23683994995985
2024,1.23761468209348
2025,1.23839020874601
2026,1.23916652992833
2027,1.23994364565132
2028,1.2407215559258
2029,1.24150026076259
2030,1.24227976017246
2031,1.24306005416613
2032,1.24384114275431
2033,1.24462302594768
2034,1.24540570375686
2035,1.24618917619246
2036,1.24697344326505
2037,1.24775850498517
2038,1.24854436136333
2039,1.24933101240999
2040,1.2501184581356
2041,1.25090669855057
2042,1.25169573366527
2043,1.25248556349004
2044,1.25327618803521
2045,1.25406760731105
2046,1.2548598213278
2047,1.2556528300957
2048,1.25644663362491
2049,1.25724123192561
2050,1.25803662500791
2051,1.25883281288192
2052,1.25962979555768
2053,1.26042757304523
2054,1.26122614535459
2055,1.2620255124957
2056,1.26282567447852
2057,1.26362663131296
2058,1.2644283830089
2059,1.26523092957619
2060,1.26603427102464
2061,1.26683840736406
2062,1.2676433386042
2063,1.26844906475479
2064,1.26925558582553
2065,1.27006290182611
2066,1.27087101276616
2067,1.27167991865529
2068,1.27248961950311
2069,1.27330011531915
2070,1.27411140611295
2071,1.27492349189401
2072,1.2757363726718
2073,1.27655004845577
2074,1.27736451925532
2075,1.27817978507985
2076,1.27899584593871
2077,1.27981270184124
2078,1.28063035279673
2079,1.28144879881447
2080,1.28226803990369
2081,1.28308807607363
2082,1.28390890733346
2083,1.28473053369236
2084,1.28555295515947
2085,1.28637617174389
2086,1.28720018345471
2087,1.28802499030098
2088,1.28885059229175
2089,1.28967698943599
2090,1.29050418174271
2091,1.29133216922083
2092,1.2921609518793
2093,1.29299052972701
2094,1.29382090277282
2095,1.29465207102558
2096,1.29548403449412
2097,1.29631679318723
2098,1.29715034711366
2099,1.29798469628217
2100,1.29881984070147
2101,1.29965578038025
2102,1.30049251532718
2103,1.3013300455509
2104,1.30216837106001
2105,1.30300749186311
2106,1.30384740796877
2107,1.30468811938552
2108,1.30552962612189
2109,1.30637192818635
2110,1.30721502558737
2111,1.30805891833339
2112,1.30890360643284
2113,1.30974908989409
2114,1.31059536872552
2115,1.31144244293548
2116,1.31229031253227
2117,1.3131389775242
2118,1.31398843791953
2119,1.31483869372653
2120,1.31568974495338
2121,1.31654159160832
2122,1.31739423369951
2123,1.31824767123511
2124,1.31910190422323
2125,1.31995693267199
2126,1.32081275658948
2127,1.32166937598373
2128,1.32252679086281
2129,1.32338500123472
2130,1.32424400710744
2131,1.32510380848895
2132,1.32596440538719
2133,1.32682579781008
2134,1.32768798576552
2135,1.32855096926138
2136,1.32941474830553
2137,1.33027932290579
2138,1.33114469306998
2139,1.33201085880587
2140,1.33287782012124
2141,1.33374557702383
2142,1.33461412952135
2143,1.33548347762152
2144,1.336353621332
2145,1.33722456066046
2146,1.33809629561452
2147,1.3389688262018
2148,1.3398421524299
2149,1.34071627430636
2150,1.34159119183876
2151,1.34246690503462
2152,1.34334341390143
2153,1.34422071844669
2154,1.34509881867787
2155,1.34597771460239
2156,1.34685740622769
2157,1.34773789356117
2158,1.3486191766102
2159,1.34950125538215
2160,1.35038412988435
2161,1.35126780012413
2162,1.35215226610877
2163,1.35303752784557
2164,1.35392358534178
2165,1.35481043860463
2166,1.35569808764135
2167,1.35658653245912
2168,1.35747577306513
2169,1.35836580946654
2170,1.35925664167047
2171,1.36014826968405
2172,1.36104069351438
2173,1.36193391316853
2174,1.36282792865356
2175,1.36372273997652
2176,1.36461834714442
2177,1.36551475016426
2178,1.36641194904302
2179,1.36730994378766
2180,1.36820873440512
2181,1.36910832090234
2182,1.3700087032862
2183,1.37090988156362
2184,1.37181185574143
2185,1.37271462582649
2186,1.37361819182563
2187,1.37452255374567
2188,1.37542771159338
2189,1.37633366537555
2190,1.37724041509893
2191,1.37814796077025
2192,1.37905630239623
2193,1.37996543998357
2194,1.38087537353896
2195,1.38178610306903
2196,1.38269762858047
2197,1.38360995007987
2198,1.38452306757386
2199,1.38543698106902
2200,1.38635169057192
2201,1.38726719608912
2202,1.38818349762715
2203,1.38910059519254
2204,1.39001848879178
2205,1.39093717843136
2206,1.39185666411776
2207,1.39277694585739
2208,1.39369802365671
2209,1.39461989752213
2210,1.39554256746005
2211,1.39646603347684
2212,1.39739029557887
2213,1.39831535377247
2214,1.399241208064
2215,1.40016785845974
2216,1.40109530496599
2217,1.40202354758903
2218,1.40295258633512
2219,1.40388242121052
2220,1.40481305222143
2221,1.40574447937407
2222,1.40667670267464
2223,1.40760972212931
2224,1.40854353774424
2225,1.40947814952558
2226,1.41041355747946
2227,1.41134976161198
2228,1.41228676192924
2229,1.41322455843732
2230,1.41416315114228
2231,1.41510254005017
2232,1.41604272516703
2233,1.41698370649884
2234,1.41792548405163
2235,1.41886805783138
2236,1.41981142784405
2237,1.42075559409559
2238,1.42170055659194
2239,1.42264631533901
2240,1.42359287034272
2241,1.42454022160893
2242,1.42548836914354
2243,1.4264373129524
2244,1.42738705304135
2245,1.42833758941622
2246,1.42928892208282
2247,1.43024105104693
2248,1.43119397631434
2249,1.43214769789084
2250,1.43310221578216
2251,1.43405752999402
2252,1.43501364053217
2253,1.43597054740228
2254,1.43692825061007
2255,1.43788675016121
2256,1.43884604606136
2257,1.43980613831615
2258,1.44076702693124
2259,1.44172871191221
2260,1.4426911932647
2261,1.44365447099426
2262,1.44461854510649
2263,1.44558341560695
2264,1.44654908250116
2265,1.44751554579467
2266,1.44848280549298
2267,1.4494508616016
2268,1.45041971412602
2269,1.4513893630717
2270,1.4523598084441
2271,1.45333105024868
2272,1.45430308849085
2273,1.45527592317603
2274,1.45624955430964
2275,1.45722398189704
2276,1.45819920594362
2277,1.45917522645474
2278,1.46015204343575
2279,1.46112965689197
2280,1.46210806682872
2281,1.46308727325132
2282,1.46406727616504
2283,1.46504807557518
2284,1.46602967148698
2285,1.46701206390572
2286,1.46799525283662
2287,1.46897923828491
2288,1.46996402025578
2289,1.47094959875445
2290,1.47193597378611
2291,1.47292314535592
2292,1.47391111346903
2293,1.47489987813059
2294,1.47588943934574
2295,1.47687979711959
2296,1.47787095145724
2297,1.4788629023638
2298,1.47985564984433
2299,1.48084919390391
2300,1.48184353454759
2301,1.4828386717804
2302,1.48383460560738
2303,1.48483133603355
2304,1.48582886306391
2305,1.48682718670344
2306,1.48782630695711
2307,1.48882622382991
2308,1.48982693732678
2309,1.49082844745266
2310,1.49183075421248
2311,1.49283385761114
2312,1.49383775765356
2313,1.49484245434463
2314,1.49584794768921
2315,1.49685423769218
2316,1.4978613243584
2317,1.4988692076927
2318,1.49987788769991
2319,1.50088736438485
2320,1.50189763775231
2321,1.50290870780711
2322,1.50392057455401
2323,1.5049332379978
2324,1.5059466981432
2325,1.50696095499499
2326,1.50797600855788
2327,1.50899185883662
2328,1.51000850583589
2329,1.51102594956041
2330,1.51204419001484
2331,1.51306322720388
2332,1.51408306113218
2333,1.51510369180439
2334,1.51612511922517
2335,1.51714734339912
2336,1.51817036433087
2337,1.51919418202503
2338,1.52021879648618
2339,1.52124420771892
2340,1.52227041572781
2341,1.52329742051741
2342,1.52432522209228
2343,1.52535382045693
2344,1.52638321561592
2345,1.52741340757374
2346,1.52844439633491
2347,1.52947618190392
2348,1.53050876428525
2349,1.53154214348336
2350,1.53257631950271
2351,1.53361129234776
2352,1.53464706202297
2353,1.53568362853272
2354,1.53672099188144
2355,1.53775915207357
2356,1.53879810911346
2357,1.53983786300552
2358,1.54087841375411
2359,1.54191976136361
2360,1.54296190583834
2361,1.54400484718267
2362,1.54504858540091
2363,1.54609312049741
2364,1.54713845247644
2365,1.54818458134232
2366,1.54923150709935
2367,1.55027922975178
2368,1.5513277493039
2369,1.55237706575996
2370,1.55342717912419
2371,1.55447808940086
2372,1.55552979659417
2373,1.55658230070836
2374,1.55763560174761
2375,1.55868969971612
2376,1.55974459461809
2377,1.56080028645767
2378,1.56185677523906
2379,1.56291406096639
2380,1.56397214364382
2381,1.56503102327548
2382,1.56609069986548
2383,1.56715117341796
2384,1.568212443937
2385,1.56927451142671
2386,1.57033737589118
2387,1.57140103733448
2388,1.57246549576068
2389,1.57353075117382
2390,1.57459680357797
2391,1.57566365297715
2392,1.57673129937539
2393,1.57779974277671
2394,1.57886898318512
2395,1.57993902060461
2396,1.58100985503919
2397,1.58208148649282
2398,1.58315391496946
2399,1.58422714047309
2400,1.58530116300766
2401,1.58637598257711
2402,1.58745159918535
2403,1.58852801283633
2404,1.58960522353396
2405,1.59068323128212
2406,1.59176203608473
2407,1.59284163794567
2408,1.5939220368688
2409,1.59500323285802
2410,1.59608522591716
2411,1.59716801605008
2412,1.5982516032606
2413,1.59933598755258
2414,1.60042116892983
2415,1.60150714739617
2416,1.60259392295538
2417,1.60368149561127
2418,1.60476986536763
2419,1.60585903222822
2420,1.60694899619683
2421,1.6080397572772
2422,1.60913131547309
2423,1.61022367078822
2424,1.61131682322636
2425,1.6124107727912
2426,1.61350551948648
2427,1.61460106331589
2428,1.61569740428314
2429,1.61679454239189
2430,1.61789247764585
2431,1.61899121004868
2432,1.62009073960404
2433,1.6211910663156
2434,1.62229219018699
2435,1.62339411122186
2436,1.6244968294238
2437,1.62560034479649
2438,1.62670465734351
2439,1.62780976706844
2440,1.62891567397493
2441,1.63002237806652
2442,1.63112987934682
2443,1.63223817781936
2444,1.63334727348775
2445,1.63445716635551
2446,1.63556785642619
2447,1.63667934370334
2448,1.6377916281905
2449,1.63890470989114
2450,1.64001858880881
2451,1.64113326494701
2452,1.64224873830923
2453,1.64336500889898
2454,1.64448207671971
2455,1.64559994177491
2456,1.64671860406802
2457,1.64783806360254
2458,1.64895832038186
2459,1.65007937440948
2460,1.65120122568879
2461,1.65232387422323
2462,1.65344732001621
2463,1.65457156307114
2464,1.65569660339144
2465,1.65682244098047
2466,1.65794907584163
2467,1.65907650797831
2468,1.66020473739387
2469,1.66133376409166
2470,1.66246358807504
2471,1.66359420934737
2472,1.66472562791198
2473,1.66585784377219
2474,1.66699085693135
2475,1.66812466739275
2476,1.6692592751597
2477,1.67039468023553
2478,1.67153088262349
2479,1.6726678823269
2480,1.67380567934902
2481,1.67494427369312
2482,1.67608366536249
2483,1.67722385436037
2484,1.67836484068997
2485,1.67950662435461
2486,1.68064920535746
2487,1.68179258370176
2488,1.68293675939075
2489,1.68408173242762
2490,1.68522750281559
2491,1.68637407055784
2492,1.68752143565758
2493,1.68866959811797
2494,1.68981855794219
2495,1.69096831513346
2496,1.69211886969488
2497,1.69327022162962
2498,1.69442237094083
2499,1.69557531763164
2500,1.6967290617052
2501,1.69788360316465
2502,1.69903894201306
2503,1.70019507825359
2504,1.70135201188932
2505,1.70250974292336
2506,1.70366827135879
2507,1.70482759719871
2508,1.70598772044617
2509,1.70714864110426
2510,1.70831035917606
2511,1.70947287466459
2512,1.71063618757293
2513,1.7118002979041
2514,1.71296520566114
2515,1.71413091084709
2516,1.71529741346497
2517,1.71646471351779
2518,1.71763281100857
2519,1.7188017059403
2520,1.71997139831599
2521,1.72114188813861
2522,1.72231317541115
2523,1.72348526013661
2524,1.72465814231791
2525,1.72583182195805
2526,1.72700629905998
2527,1.72818157362664
2528,1.72935764566101
2529,1.73053451516595
2530,1.73171218214447
2531,1.73289064659944
2532,1.73406990853381
2533,1.73524996795047
2534,1.73643082485232
2535,1.73761247924226
2536,1.73879493112322
2537,1.73997818049805
2538,1.74116222736961
2539,1.74234707174081
2540,1.74353271361449
2541,1.74471915299354
2542,1.74590638988077
2543,1.74709442427907
2544,1.74828325619125
2545,1.74947288562018
2546,1.75066331256865
2547,1.75185453703949
2548,1.75304655903551
2549,1.75423937855955
2550,1.75543299561441
2551,1.75662741020285
2552,1.75782262232768
2553,1.75901863199171
2554,1.76021543919769
2555,1.7614130439484
2556,1.76261144624661
2557,1.7638106460951
2558,1.76501064349655
2559,1.76621143845383
2560,1.76741303096958
2561,1.76861542104658
2562,1.76981860868756
2563,1.77102259389523
2564,1.77222737667233
2565,1.77343295702155
2566,1.77463933494562
2567,1.77584651044723
2568,1.77705448352905
2569,1.77826325419386
2570,1.77947282244423
2571,1.7806831882829
2572,1.78189435171254
2573,1.7831063127358
2574,1.78431907135536
2575,1.78553262757384
2576,1.78674698139392
2577,1.78796213281824
2578,1.78917808184945
2579,1.79039482849015
2580,1.79161237274297
2581,1.79283071461055
2582,1.79404985409553
2583,1.79526979120046
2584,1.79649052592798
2585,1.79771205828069
2586,1.79893438826115
2587,1.80015751587199
2588,1.80138144111577
2589,1.80260616399506
2590,1.80383168451247
2591,1.80505800267051
2592,1.80628511847176
2593,1.8075130319188
2594,1.80874174301412
2595,1.80997125176032
2596,1.81120155815992
2597,1.81243266221545
2598,1.81366456392945
2599,1.81489726330442
2600,1.81613076034289
2601,1.81736505504738
2602,1.81860014742035
2603,1.81983603746433
2604,1.82107272518183
2605,1.82231021057535
2606,1.82354849364731
2607,1.82478757440026
2608,1.82602745283663
2609,1.82726812895891
2610,1.82850960276953
2611,1.82975187427098
2612,1.83099494346572
2613,1.83223881035617
2614,1.8334834749448
2615,1.83472893723404
2616,1.8359751972263
2617,1.83722225492401
2618,1.83847011032962
2619,1.83971876344555
2620,1.84096821427413
2621,1.84221846281789
2622,1.84346950907913
2623,1.84472135306032
2624,1.84597399476379
2625,1.84722743419197
2626,1.84848167134723
2627,1.84973670623192
2628,1.85099253884844
2629,1.85224916919917
2630,1.85350659728639
2631,1.85476482311258
2632,1.85602384668002
2633,1.85728366799104
2634,1.85854428704802
2635,1.85980570385328
2636,1.86106791840913
2637,1.86233093071797
2638,1.86359474078202
2639,1.86485934860369
2640,1.86612475418523
2641,1.86739095752899
2642,1.86865795863726
2643,1.86992575751229
2644,1.87119435415646
2645,1.87246374857199
2646,1.87373394076119
2647,1.87500493072633
2648,1.87627671846968
2649,1.87754930399352
2650,1.87882268730015
2651,1.88009686839175
2652,1.88137184727063
2653,1.88264762393903
2654,1.88392419839922
2655,1.88520157065339
2656,1.88647974070382
2657,1.88775870855268
2658,1.88903847420226
2659,1.8903190376548
2660,1.89160039891245
2661,1.89288255797746
2662,1.89416551485205
2663,1.89544926953838
2664,1.89673382203871
2665,1.89801917235517
2666,1.89930532048999
2667,1.9005922664454
2668,1.90188001022349
2669,1.9031685518265
2670,1.90445789125657
2671,1.90574802851591
2672,1.90703896360661
2673,1.90833069653092
2674,1.90962322729091
2675,1.91091655588879
2676,1.9122106823267
2677,1.91350560660672
2678,1.91480132873109
2679,1.91609784870188
2680,1.91739516652121
2681,1.91869328219124
2682,1.91999219571405
2683,1.92129190709181
2684,1.92259241632659
2685,1.92389372342049
2686,1.92519582837563
2687,1.92649873119412
2688,1.92780243187802
2689,1.92910693042946
2690,1.93041222685051
2691,1.93171832114323
2692,1.93302521330974
2693,1.93433290335207
2694,1.93564139127232
2695,1.93695067707255
2696,1.93826076075478
2697,1.93957164232112
2698,1.94088332177357
2699,1.94219579911423
2700,1.94350907434514
2701,1.94482314746831
2702,1.94613801848578
2703,1.94745368739957
2704,1.94877015421175
2705,1.95008741892431
2706,1.95140548153927
2707,1.95272434205867
2708,1.95404400048446
2709,1.95536445681875
2710,1.95668571106346
2711,1.95800776322057
2712,1.95933061329214
2713,1.96065426128016
2714,1.96197870718657
2715,1.96330395101337
2716,1.96462999276255
2717,1.96595683243609
2718,1.96728447003595
2719,1.96861290556409
2720,1.96994213902244
2721,1.97127217041306
2722,1.97260299973782
2723,1.97393462699867
2724,1.97526705219761
2725,1.97660027533653
2726,1.97793429641741
2727,1.97926911544217
2728,1.98060473241273
2729,1.98194114733102
2730,1.983278360199
2731,1.98461637101854
2732,1.9859551797916
2733,1.98729478652005
2734,1.98863519120582
2735,1.98997639385082
2736,1.99131839445695
2737,1.99266119302608
2738,1.99400478956015
2739,1.99534918406103
2740,1.99669437653055
2741,1.99804036697068
2742,1.99938715538328
2743,2.00073474177017
2744,2.00208312613328
2745,2.00343230847444
2746,2.00478228879555
2747,2.00613306709844
2748,2.00748464338496
2749,2.00883701765702
2750,2.01019018991638
2751,2.01154416016491
2752,2.01289892840452
2753,2.014254494637
2754,2.01561085886416
2755,2.01696802108787
2756,2.01832598130995
2757,2.01968473953219
2758,2.02104429575646
2759,2.02240464998455
2760,2.02376580221826
2761,2.02512775245945
2762,2.02649050070985
2763,2.02785404697131
2764,2.02921839124562
2765,2.03058353353459
2766,2.03194947383998
2767,2.0333162121636
2768,2.03468374850724
2769,2.03605208287267
2770,2.03742121526168
2771,2.038791145676
2772,2.04016187411745
2773,2.04153340058776
2774,2.04290572508871
2775,2.0442788476221
2776,2.04565276818965
2777,2.04702748679307
2778,2.04840300343418
2779,2.04977931811471
2780,2.05115643083637
2781,2.0525343416009
2782,2.05391305041012
2783,2.0552925572657
2784,2.05667286216936
2785,2.05805396512278
2786,2.0594358661278
2787,2.06081856518606
2788,2.06220206229931
2789,2.06358635746923
2790,2.06497145069754
2791,2.06635734198594
2792,2.06774403133618
2793,2.06913151874996
2794,2.07051980422891
2795,2.07190888777479
2796,2.07329876938916
2797,2.07468944907388
2798,2.07608092683056
2799,2.0774732026608
2800,2.07886627656641
2801,2.08026014854901
2802,2.08165481861026
2803,2.08305028675184
2804,2.08444655297539
2805,2.08584361728258
2806,2.08724147967509
2807,2.08864014015457
2808,2.09003959872264
2809,2.09143985538096
2810,2.09284091013118
2811,2.09424276297497
2812,2.09564541391395
2813,2.09704886294972
2814,2.09845311008396
2815,2.09985815531826
2816,2.10126399865429
2817,2.10267064009362
2818,2.10407807963791
2819,2.10548631728877
2820,2.1068953530478
2821,2.1083051869166
2822,2.10971581889678
2823,2.11112724899001
2824,2.11253947719783
2825,2.11395250352186
2826,2.11536632796363
2827,2.11678095052482
2828,2.11819637120696
2829,2.11961259001168
2830,2.12102960694057
2831,2.12244742199518
2832,2.12386603517707
2833,2.12528544648781
2834,2.12670565592905
2835,2.12812666350226
2836,2.129548469209
2837,2.13097107305099
2838,2.1323944750296
2839,2.13381867514651
2840,2.13524367340323
2841,2.13666946980127
2842,2.13809606434224
2843,2.13952345702765
2844,2.14095164785904
2845,2.14238063683798
2846,2.14381042396599
2847,2.14524100924465
2848,2.14667239267531
2849,2.14810457425969
2850,2.14953755399928
2851,2.15097133189555
2852,2.15240590795004
2853,2.15384128216422
2854,2.15527745453969
2855,2.15671442507791
2856,2.15815219378039
2857,2.15959076064865
2858,2.16103012568418
2859,2.16247028888847
2860,2.16391125026301
2861,2.16535300980933
2862,2.1667955675289
2863,2.16823892342319
2864,2.16968307749365
2865,2.17112802974186
2866,2.17257378016925
2867,2.17402032877725
2868,2.17546767556741
2869,2.1769158205412
2870,2.17836476370001
2871,2.17981450504533
2872,2.18126504457873
2873,2.18271638230149
2874,2.18416851821522
2875,2.18562145232129
2876,2.18707518462118
2877,2.18852971511632
2878,2.1899850438082
2879,2.19144117069825
2880,2.19289809578787
2881,2.19435581907849
2882,2.19581434057159
2883,2.19727366026862
2884,2.19873377817098
2885,2.20019469428006
2886,2.20165640859735
2887,2.20311892112424
2888,2.20458223186218
2889,2.20604634081253
2890,2.20751124797674
2891,2.20897695335621
2892,2.21044345695237
2893,2.21191075876662
2894,2.21337885880034
2895,2.21484775705498
2896,2.21631745353188
2897,2.2177879482325
2898,2.21925924115813
2899,2.22073133231024
2900,2.22220422169026
2901,2.22367790929943
2902,2.22515239513928
2903,2.22662767921114
2904,2.2281037615164
2905,2.22958064205642
2906,2.23105832083249
2907,2.23253679784612
2908,2.23401607309861
2909,2.23549614659134
2910,2.23697701832567
2911,2.23845868830298
2912,2.23994115652459
2913,2.24142442299191
2914,2.24290848770613
2915,2.24439335066885
2916,2.24587901188126
2917,2.24736547134475
2918,2.24885272906062
2919,2.25034078503025
2920,2.25182963925499
2921,2.25331929173617
2922,2.25480974247511
2923,2.25630099147313
2924,2.25779303873156
2925,2.25928588425172
2926,2.26077952803497
2927,2.26227397008262
2928,2.26376921039598
2929,2.2652652489764
2930,2.26676208582508
2931,2.26825972094349
2932,2.26975815433284
2933,2.27125738599442
2934,2.27275741592964
2935,2.27425824413973
2936,2.27575987062593
2937,2.27726229538963
2938,2.2787655184321
2939,2.28026953975464
2940,2.28177435935853
2941,2.28327997724507
2942,2.28478639341552
2943,2.2862936078712
2944,2.28780162061331
2945,2.28931043164328
2946,2.29082004096224
2947,2.2923304485715
2948,2.29384165447244
2949,2.2953536586662
2950,2.29686646115401
2951,2.29838006193731
2952,2.29989446101719
2953,2.30140965839503
2954,2.30292565407205
2955,2.30444244804947
2956,2.30596004032861
2957,2.3074784309107
2958,2.30899761979694
2959,2.31051760698865
2960,2.31203839248697
2961,2.31355997629327
2962,2.3150823584087
2963,2.31660553883455
2964,2.31812951757201
2965,2.31965429462236
2966,2.32117986998677
2967,2.32270624366654
2968,2.32423341566282
2969,2.32576138597693
2970,2.32729015461008
2971,2.32881972156339
2972,2.33035008683811
2973,2.33188125043553
2974,2.33341321235681
2975,2.33494597260323
2976,2.33647953117589
2977,2.33801388807602
2978,2.33954904330491
2979,2.34108499686368
2980,2.34262174875361
2981,2.3441592989758
2982,2.34569764753148
2983,2.34723679442185
2984,2.34877673964816
2985,2.35031748321152
2986,2.35185902511317
2987,2.35340136535427
2988,2.35494450393605
2989,2.35648844085962
2990,2.3580331761261
2991,2.35957870973693
2992,2.36112504169302
2993,2.36267217199563
2994,2.36422010064595
2995,2.36576882764513
2996,2.36731835299442
2997,2.36886867669483
2998,2.37041979874765
2999,2.371971719154
3000,2.37352443791503
3001,2.37507795503187
3002,2.37663227050573
3003,2.37818738433776
3004,2.37974329652908
3005,2.38130000708088
3006,2.38285751599425
3007,2.38441582327036
3008,2.38597492891033
3009,2.38753483291543
3010,2.38909553528662
3011,2.39065703602508
3012,2.39221933513207
3013,2.39378243260858
3014,2.39534632845581
3015,2.39691102267483
3016,2.39847651526685
3017,2.40004280623296
3018,2.40160989557425
3019,2.40317778329185
3020,2.40474646938696
3021,2.40631595386061
3022,2.40788623671396
3023,2.40945731794803
3024,2.41102919756405
3025,2.41260187556308
3026,2.41417535194622
3027,2.41574962671462
3028,2.4173246998693
3029,2.41890057141147
3030,2.42047724134212
3031,2.42205470966242
3032,2.42363297637345
3033,2.42521204147632
3034,2.42679190497206
3035,2.42837256686182
3036,2.42995402714672
3037,2.43153628582767
3038,2.43311934290603
3039,2.43470319838264
3040,2.43628785225873
3041,2.43787330453528
3042,2.43945955521344
3043,2.44104660429422
3044,2.44263445177874
3045,2.44422309766809
3046,2.4458125419633
3047,2.44740278466547
3048,2.44899382577562
3049,2.45058566529488
3050,2.45217830322408
3051,2.45377173956474
3052,2.4553659743175
3053,2.45696100748359
3054,2.45855683906407
3055,2.46015346905995
3056,2.46175089747232
3057,2.46334912430211
3058,2.46494814955057
3059,2.46654797321855
3060,2.46814859530731
3061,2.46975001581771
3062,2.47135223475079
3063,2.47295525210764
3064,2.47455906788941
3065,2.47616368209695
3066,2.47776909473136
3067,2.47937530579373
3068,2.48098231528503
3069,2.48259012320628
3070,2.48419872955853
3071,2.48580813434283
3072,2.48741833756014
3073,2.48902933921158
3074,2.49064113929803
3075,2.49225373782066
3076,2.4938671347803
3077,2.49548133017817
3078,2.4970963240151
3079,2.49871211629225
3080,2.50032870701059
3081,2.50194609617099
3082,2.50356428377472
3083,2.50518326982243
3084,2.50680305431552
3085,2.50842363725474
3086,2.51004501864115
3087,2.51166719847569
3088,2.51329017675947
3089,2.51491395349334
3090,2.51653852867838
3091,2.51816390231562
3092,2.51979007440593
3093,2.52141704495042
3094,2.52304481395005
3095,2.52467338140573
3096,2.52630274731854
3097,2.52793291168929
3098,2.52956387451918
3099,2.53119563580904
3100,2.53282819555988
3101,2.53446155377277
3102,2.53609571044853
3103,2.53773066558823
3104,2.53936641919271
3105,2.54100297126307
3106,2.54264032180027
3107,2.54427847080522
3108,2.5459174182789
3109,2.54755716422228
3110,2.54919770863628
3111,2.55083905152197
3112,2.55248119288012
3113,2.55412413271181
3114,2.55576787101802
3115,2.55741240779964
3116,2.55905774305764
3117,2.56070387679295
3118,2.56235080900651
3119,2.56399853969925
3120,2.56564706887215
3121,2.56729639652614
3122,2.56894652266227
3123,2.57059744728126
3124,2.57224917038418
3125,2.57390169197194
3126,2.57555501204551
3127,2.57720913060577
3128,2.57886404765368
3129,2.58051976319014
3130,2.58217627721615
3131,2.58383358973249
3132,2.5854917007403
3133,2.58715061024027
3134,2.58881031823342
3135,2.59047082472077
3136,2.5921321297031
3137,2.59379423318133
3138,2.59545713515655
3139,2.5971208356294
3140,2.59878533460099
3141,2.60045063207214
3142,2.60211672804378
3143,2.60378362251695
3144,2.60545131549232
3145,2.60711980697101
3146,2.60878909695375
3147,2.61045918544156
3148,2.61213007243528
3149,2.61380175793578
3150,2.61547424194405
3151,2.61714752446094
3152,2.61882160548727
3153,2.62049648502404
3154,2.62217216307219
3155,2.62384863963242
3156,2.62552591470579
3157,2.62720398829302
3158,2.62888286039521
3159,2.6305625310131
3160,2.63224300014755
3161,2.63392426779953
3162,2.63560633396986
3163,2.63728919865949
3164,2.63897286186917
3165,2.64065732359989
3166,2.64234258385252
3167,2.64402864262774
3168,2.64571549992671
3169,2.64740315575015
3170,2.64909161009901
3171,2.65078086297396
3172,2.65247091437612
3173,2.65416176430606
3174,2.6558534127649
3175,2.65754585975348
3176,2.65923910527248
3177,2.66093314932297
3178,2.66262799190559
3179,2.66432363302141
3180,2.66602007267119
3181,2.66771731085561
3182,2.66941534757588
3183,2.67111418283262
3184,2.67281381662665
3185,2.67451424895886
3186,2.67621547983018
3187,2.67791750924134
3188,2.67962033719327
3189,2.68132396368685
3190,2.6830283887227
3191,2.68473361230194
3192,2.6864396344252
3193,2.68814645509335
3194,2.68985407430728
3195,2.69156249206782
3196,2.6932717083758
3197,2.69498172323207
3198,2.69669253663738
3199,2.69840414859259
3200,2.70011655909856
3201,2.701829768156
3202,2.70354377576591
3203,2.70525858192905
3204,2.70697418664622
3205,2.70869058991823
3206,2.71040779174588
3207,2.71212579212996
3208,2.71384459107156
3209,2.71556418857104
3210,2.71728458462951
3211,2.71900577924789
3212,2.72072777242652
3213,2.72245056416668
3214,2.72417415446904
3215,2.72589854333434
3216,2.72762373076341
3217,2.72934971675707
3218,2.73107650131616
3219,2.73280408444136
3220,2.73453246613362
3221,2.73626164639358
3222,2.73799162522215
3223,2.7397224026202
3224,2.74145397858819
3225,2.74318635312745
3226,2.74491952623824
3227,2.74665349792169
3228,2.74838826817844
3229,2.75012383700935
3230,2.75186020441512
3231,2.75359737039669
3232,2.75533533495467
3233,2.75707409808994
3234,2.75881365980333
3235,2.76055402009547
3236,2.76229517896724
3237,2.76403713641945
3238,2.76577989245274
3239,2.76752344706803
3240,2.76926780026607
3241,2.77101295204751
3242,2.7727589024134
3243,2.77450565136413
3244,2.77625319890072
3245,2.77800154502393
3246,2.77975068973447
3247,2.7815006330332
3248,2.78325137492066
3249,2.78500291539783
3250,2.78675525446543
3251,2.78850839212411
3252,2.7902623283748
3253,2.79201706321811
3254,2.79377259665486
3255,2.79552892868583
3256,2.79728605931179
3257,2.79904398853342
3258,2.80080271635146
3259,2.80256224276679
3260,2.80432256778001
3261,2.80608369139198
3262,2.80784561360344
3263,2.80960833441503
3264,2.81137185382753
3265,2.81313617184178
3266,2.81490128845857
3267,2.81666720367839
3268,2.81843391750223
3269,2.82020142993063
3270,2.82196974096453
3271,2.8237388506045
3272,2.82550875885145
3273,2.82727946570596
3274,2.82905097116871
3275,2.83082327524063
3276,2.83259637792237
3277,2.83437027921464
3278,2.83614497911816
3279,2.83792047763359
3280,2.83969677476186
3281,2.8414738705035
3282,2.84325176485937
3283,2.84503045783012
3284,2.84680994941653
3285,2.84859023961919
3286,2.85037132843899
3287,2.85215321587661
3288,2.85393590193269
3289,2.85571938660793
3290,2.8575036699031
3291,2.85928875181905
3292,2.86107463235622
3293,2.86286131151544
3294,2.86464878929752
3295,2.86643706570308
3296,2.86822614073287
3297,2.87001601438753
3298,2.8718066866679
3299,2.87359815757442
3300,2.8753904271081
3301,2.87718349526948
3302,2.87897736205924
3303,2.88077202747827
3304,2.88256749152701
3305,2.88436375420637
3306,2.8861608155169
3307,2.8879586754594
3308,2.88975733403446
3309,2.89155679124296
3310,2.89335704708545
3311,2.89515810156251
3312,2.89695995467513
3313,2.89876260642383
3314,2.90056605680915
3315,2.90237030583215
3316,2.90417535349318
3317,2.9059811997931
3318,2.90778784473242
3319,2.90959528831214
3320,2.91140353053268
3321,2.91321257139469
3322,2.91502241089915
3323,2.91683304904641
3324,2.91864448583731
3325,2.92045672127261
3326,2.92226975535277
3327,2.92408358807856
3328,2.92589821945075
3329,2.9277136494699
3330,2.92952987813667
3331,2.93134690545188
3332,2.93316473141593
3333,2.93498335602994
3334,2.93680277929412
3335,2.93862300120931
3336,2.94044402177616
3337,2.94226584099538
3338,2.94408845886766
3339,2.94591187539366
3340,2.94773609057388
3341,2.94956110440907
3342,2.95138691690003
3343,2.95321352804725
3344,2.9550409378515
3345,2.95686914631325
3346,2.95869815343345
3347,2.96052795921254
3348,2.96235856365114
3349,2.96418996675011
3350,2.96602216850991
3351,2.96785516893147
3352,2.96968896801497
3353,2.97152356576142
3354,2.97335896217138
3355,2.97519515724543
3356,2.9770321509844
3357,2.9788699433888
3358,2.98070853445924
3359,2.98254792419635
3360,2.98438811260094
3361,2.98622909967348
3362,2.9880708854147
3363,2.98991346982518
3364,2.99175685290563
3365,2.99360103465664
3366,2.99544601507884
3367,2.9972917941729
3368,2.99913837193939
3369,3.00098574837906
3370,3.00283392349245
3371,3.00468289728022
3372,3.00653266974309
3373,3.00838324088133
3374,3.01023461069605
3375,3.01208677918764
3376,3.01393974635669
3377,3.01579351220384
3378,3.01764807672982
3379,3.01950343993522
3380,3.02135960182069
3381,3.02321656238674
3382,3.02507432163398
3383,3.02693287956318
3384,3.02879223617485
3385,3.03065239146958
3386,3.0325133454482
3387,3.03437509811107
3388,3.03623764945888
3389,3.0381009994923
3390,3.03996514821204
3391,3.0418300956185
3392,3.04369584171233
3393,3.04556238649416
3394,3.04742972996488
3395,3.04929787212457
3396,3.05116681297408
3397,3.0530365525142
3398,3.05490709074536
3399,3.05677842766834
3400,3.0586505632834
3401,3.06052349759144
3402,3.06239723059299
3403,3.06427176228865
3404,3.0661470926789
3405,3.06802322176444
3406,3.06990014954593
3407,3.07177787602385
3408,3.07365640119905
3409,3.07553572507176
3410,3.07741584764278
3411,3.07929676891263
3412,3.08117848888215
3413,3.08306100755136
3414,3.08494432492148
3415,3.08682844099284
3416,3.08871335576605
3417,3.0905990692416
3418,3.09248558142019
3419,3.09437289230246
3420,3.09626100188869
3421,3.0981499101799
3422,3.10003961717651
3423,3.10193012287883
3424,3.10382142728776
3425,3.10571353040384
3426,3.10760643222769
3427,3.10950013275961
3428,3.11139463200063
3429,3.11328992995093
3430,3.11518602661123
3431,3.11708292198215
3432,3.11898061606408
3433,3.12087910885795
3434,3.1227784003639
3435,3.12467849058291
3436,3.12657937951542
3437,3.1284810671619
3438,3.13038355352295
3439,3.13228683859922
3440,3.13419092239118
3441,3.13609580489944
3442,3.13800148612455
3443,3.13990796606721
3444,3.1418152447279
3445,3.14372332210693
3446,3.14563219820545
3447,3.14754187302337
3448,3.14945234656163
3449,3.15136361882063
3450,3.15327568980129
3451,3.15518855950359
3452,3.15710222792861
3453,3.15901669507655
3454,3.16093196094822
3455,3.16284802554414
3456,3.16476488886464
3457,3.16668255091058
3458,3.16860101168217
3459,3.17052027118027
3460,3.17244032940544
3461,3.17436118635796
3462,3.17628284203863
3463,3.17820529644781
3464,3.18012854958629
3465,3.18205260145433
3466,3.18397745205263
3467,3.1859031013819
3468,3.18782954944229
3469,3.1897567962347
3470,3.19168484175965
3471,3.19361368601741
3472,3.1955433290087
3473,3.19747377073404
3474,3.19940501119407
3475,3.20133705038933
3476,3.20326988832037
3477,3.20520352498727
3478,3.20713796039115
3479,3.20907319453251
3480,3.21100922741146
3481,3.21294605902885
3482,3.21488368938508
3483,3.21682211848093
3484,3.21876134631667
3485,3.22070137289299
3486,3.2226421982104
3487,3.2245838222691
3488,3.22652624507019
3489,3.22846946661393
3490,3.23041348690073
3491,3.23235830593125
3492,3.23430392370599
3493,3.23625034022568
3494,3.23819755549049
3495,3.24014556950103
3496,3.24209438225793
3497,3.24404399376172
3498,3.24599440401288
3499,3.24794561301202
3500,3.24989762075937
3501,3.2518504272559
3502,3.25380403250184
3503,3.25575843649764
3504,3.25771363924404
3505,3.25966964074155
3506,3.26162644099047
3507,3.26358403999149
3508,3.26554243774497
3509,3.26750163425166
3510,3.26946162951174
3511,3.27142242352622
3512,3.27338401629509
3513,3.27534640781927
3514,3.27730959809898
3515,3.27927358713489
3516,3.28123837492744
3517,3.28320396147713
3518,3.28517034678451
3519,3.28713753085019
3520,3.28910551367447
3521,3.29107429525795
3522,3.29304387560131
3523,3.2950142547046
3524,3.29698543256873
3525,3.29895740919413
3526,3.3009301845812
3527,3.30290375873047
3528,3.3048781316425
3529,3.30685330331781
3530,3.30882927375659
3531,3.31080604296
3532,3.31278361092796
3533,3.31476197766109
3534,3.31674114315979
3535,3.31872110742504
3536,3.32070187045665
3537,3.32268343225556
3538,3.32466579282229
3539,3.32664895215723
3540,3.32863291026066
3541,3.33061766713339
3542,3.3326032227757
3543,3.33458957718826
3544,3.33657673037146
3545,3.33856468232563
3546,3.34055343305155
3547,3.34254298254952
3548,3.34453333082016
3549,3.34652447786392
3550,3.34851642368105
3551,3.35050916827254
3552,3.35250271163826
3553,3.35449705377922
3554,3.35649219469531
3555,3.35848813438768
3556,3.36048487285659
3557,3.36248241010217
3558,3.36448074612529
3559,3.36647988092636
3560,3.36847981450587
3561,3.37048054686421
3562,3.37248207800172
3563,3.3744844079192
3564,3.37648753661685
3565,3.37849146409554
3566,3.38049619035515
3567,3.38250171539655
3568,3.38450803922023
3569,3.38651516182646
3570,3.38852308321606
3571,3.39053180338903
3572,3.39254132234612
3573,3.39455164008764
3574,3.3965627566143
3575,3.39857467192639
3576,3.40058738602444
3577,3.40260089890889
3578,3.4046152105802
3579,3.40663032103899
3580,3.40864623028552
3581,3.41066293832029
3582,3.41268044514374
3583,3.4146987507566
3584,3.4167178551588
3585,3.41873775835141
3586,3.42075846033447
3587,3.42277996110863
3588,3.42480226067444
3589,3.42682535903201
3590,3.42884925618203
3591,3.43087395212502
3592,3.43289944686143
3593,3.43492574039137
3594,3.43695283271556
3595,3.43898072383486
3596,3.44100941374898
3597,3.44303890245876
3598,3.44506918996465
3599,3.44710027626722
3600,3.44913216136654
3601,3.45116484526332
3602,3.45319832795812
3603,3.45523260945112
3604,3.45726768974301
3605,3.45930356883409
3606,3.46134024672483
3607,3.46337772341565
3608,3.46541599890709
3609,3.46745507319956
3610,3.46949494629335
3611,3.47153561818942
3612,3.47357708888741
3613,3.47561935838847
3614,3.47766242669281
3615,3.47970629380074
3616,3.48175095971287
3617,3.48379642442964
3618,3.48584268795124
3619,3.48788975027825
3620,3.48993761141131
3621,3.49198627135058
3622,3.49403573009653
3623,3.49608598764987
3624,3.49813704401105
3625,3.50018889917978
3626,3.50224155315757
3627,3.5042950059442
3628,3.50634925754008
3629,3.50840430794559
3630,3.51046015716172
3631,3.51251680518836
3632,3.51457425202616
3633,3.51663249767533
3634,3.51869154213682
3635,3.52075138541074
3636,3.52281202749723
3637,3.52487346839712
3638,3.52693570811063
3639,3.52899874663852
3640,3.53106258398061
3641,3.53312722013805
3642,3.53519265511074
3643,3.53725888889928
3644,3.53932592150411
3645,3.54139375292554
3646,3.54346238316429
3647,3.54553181222048
3648,3.54760204009456
3649,3.54967306678687
3650,3.55174489229846
